{"cameraMode":{"drawMode":0,"name":"Shaded","section":"Shading Mode"},"sceneLighting":true,"audioPlay":false,"sceneViewState":{"m_AlwaysRefresh":false,"showFog":true,"showSkybox":true,"showFlares":true,"showImageEffects":true,"showParticleSystems":true,"showVisualEffectGraphs":true,"m_FxEnabled":true},"in2DMode":false,"pivot":{"x":-0.2700453996658325,"y":0.42626094818115237,"z":-4.0372538566589359},"rotation":{"x":0.24707157909870149,"y":0.39800891280174258,"z":-0.11225493997335434,"w":0.8763816952705383},"size":1.2808184623718262,"orthographic":false}