{"cameraMode":{"drawMode":0,"name":"Shaded","section":"Shading Mode"},"sceneLighting":true,"audioPlay":false,"sceneViewState":{"m_AlwaysRefresh":false,"showFog":true,"showSkybox":false,"showFlares":true,"showImageEffects":true,"showParticleSystems":true,"showVisualEffectGraphs":true,"m_FxEnabled":true},"in2DMode":false,"pivot":{"x":-1.9705183506011963,"y":2.769691228866577,"z":-10.246784210205079},"rotation":{"x":-0.20572713017463685,"y":0.031407151371240619,"z":-0.006598018109798431,"w":-0.9781101942062378},"size":12.12435531616211,"orthographic":false}