{"cameraMode":{"drawMode":0,"name":"Shaded","section":"Shading Mode"},"sceneLighting":false,"audioPlay":false,"sceneViewState":{"m_AlwaysRefresh":false,"showFog":true,"showSkybox":false,"showFlares":true,"showImageEffects":true,"showParticleSystems":true,"showVisualEffectGraphs":true,"m_FxEnabled":true},"in2DMode":false,"pivot":{"x":0.08504259586334229,"y":0.9010758399963379,"z":-3.867915153503418},"rotation":{"x":-0.03118797205388546,"y":-0.00930758100003004,"z":-0.0003811778733506799,"w":0.9995777606964111},"size":1.3419437408447266,"orthographic":true}