{"cameraMode":{"drawMode":0,"name":"Shaded","section":"Shading Mode"},"sceneLighting":false,"audioPlay":false,"sceneViewState":{"m_AlwaysRefresh":false,"showFog":true,"showSkybox":false,"showFlares":true,"showImageEffects":true,"showParticleSystems":true,"showVisualEffectGraphs":true,"m_FxEnabled":true},"in2DMode":false,"pivot":{"x":-0.8893184661865234,"y":0.7796531915664673,"z":-12.866464614868164},"rotation":{"x":0.027306603267788888,"y":-0.005681279115378857,"z":0.0002386849810136482,"w":0.9996986389160156},"size":0.8660253882408142,"orthographic":false}